INSEE,Commune,Nombre de réponses (après filtrage),Note moyenne,Type de commune,Services et stationnement,Efforts de la Commune,Confort,Securité,Ressenti général
33376,Saint-Aubin-de-Médoc,79,4.88,communes de banlieue,4.42,5.09,4.76,4.91,5.13
62263,Dainville,57,4.68,communes de banlieue,4.65,5.03,4.58,4.57,4.63
33527,Le Teich,87,4.53,communes de banlieue,4.51,4.67,4.36,4.37,4.67
28110,Le Coudray,12,4.42,communes de banlieue,3.57,4.42,4.38,4.62,4.85
56243,Séné,147,4.38,communes de banlieue,4.13,4.77,4.14,4.21,4.61
78356,Magny-les-Hameaux,157,4.35,communes de banlieue,4.03,4.72,4.34,4.21,4.45
76165,Caudebec-lès-Elbeuf,65,4.29,communes de banlieue,4.04,4.5,4.44,4.23,4.26
67506,Vendenheim,21,4.13,communes de banlieue,3.87,4.37,4.34,4.06,4.02
38229,Meylan,146,4.13,communes de banlieue,3.78,4.26,3.96,4.23,4.3
66213,Toulouges,97,4.11,communes de banlieue,3.21,4.53,4.07,4.16,4.46
73051,Le Bourget-du-Lac,161,4.11,communes de banlieue,3.93,4.56,4.11,3.89,4.14
67343,Oberhausbergen,56,4.03,communes de banlieue,3.47,4.2,4.31,4.06,4.08
77251,Lieusaint,79,3.96,communes de banlieue,3.35,4.11,3.87,4.09,4.26
34120,Jacou,122,3.89,communes de banlieue,3.66,4.1,3.36,4.01,4.2
06161,Villeneuve-Loubet,102,3.89,communes de banlieue,4.03,4.1,3.71,3.79,3.85
68338,Turckheim,59,3.88,communes de banlieue,3.63,3.86,3.93,3.89,4.04
28229,Mainvilliers,67,3.87,communes de banlieue,3.87,3.93,3.66,3.83,4.03
66038,Canohès,67,3.81,communes de banlieue,3.01,3.84,3.93,3.99,4.14
95637,Vauréal,110,3.8,communes de banlieue,3.59,3.78,3.67,3.85,3.99
33056,Blanquefort,67,3.8,communes de banlieue,3.67,3.77,3.93,3.69,3.89
53054,Changé,72,3.79,communes de banlieue,3.67,4.01,3.59,3.7,3.93
66021,Bompas,71,3.78,communes de banlieue,3.11,3.87,3.82,3.88,4.14
95607,Taverny,129,3.77,communes de banlieue,3.37,3.99,3.76,3.74,3.96
17200,Lagord,78,3.77,communes de banlieue,3.72,3.78,3.68,3.72,3.86
56162,Ploemeur,122,3.76,communes de banlieue,3.63,3.87,3.78,3.61,3.89
31561,L'Union,75,3.76,communes de banlieue,3.41,4.2,3.93,3.54,3.8
67218,Illkirch-Graffenstaden,138,3.75,communes de banlieue,3.6,3.52,3.79,3.79,3.89
33019,Audenge,64,3.74,communes de banlieue,3.74,3.57,3.52,3.82,3.9
94011,Bonneuil-sur-Marne,56,3.74,communes de banlieue,3.26,3.9,3.81,3.84,3.88
78646,Versailles,722,3.73,communes de banlieue,3.58,3.78,3.62,3.69,3.89
59155,Coudekerque-Branche,71,3.73,communes de banlieue,3.13,3.89,3.84,3.81,3.88
06084,Mouans-Sartoux,109,3.71,communes de banlieue,4.11,4.05,3.48,3.31,3.7
38382,Saint-Égrève,116,3.71,communes de banlieue,3.42,3.63,3.59,3.83,3.94
78423,Montigny-le-Bretonneux,186,3.7,communes de banlieue,3.91,3.6,3.07,3.86,3.91
95424,Montigny-lès-Cormeilles,24,3.7,communes de banlieue,3.93,3.76,3.51,3.58,3.78
49129,Écouflant,12,3.69,communes de banlieue,3.48,3.9,3.57,3.49,3.96
76481,Octeville-sur-Mer,57,3.69,communes de banlieue,3.25,3.99,3.58,3.67,3.93
67365,Ostwald,65,3.69,communes de banlieue,3.62,3.5,3.74,3.66,3.82
76410,Maromme,63,3.69,communes de banlieue,3.08,4.21,3.81,3.65,3.79
59271,Grande-Synthe,52,3.69,communes de banlieue,3.51,3.88,3.55,3.67,3.85
74267,Sevrier,15,3.69,communes de banlieue,4.16,3.93,3.77,3.37,3.34
35051,Cesson-Sévigné,236,3.68,communes de banlieue,3.8,3.7,3.56,3.41,3.91
67471,Souffelweyersheim,19,3.68,communes de banlieue,3.22,3.51,3.94,3.89,3.69
17094,Châtelaillon-Plage,55,3.67,communes de banlieue,4.15,3.7,3.51,3.46,3.61
83034,Carqueiranne,51,3.66,communes de banlieue,3.44,3.6,3.52,3.76,3.85
73179,La Motte-Servolex,73,3.66,communes de banlieue,3.56,3.49,3.65,3.66,3.83
44132,Pornichet,72,3.66,communes de banlieue,3.94,3.56,3.66,3.47,3.66
28220,Luisant,32,3.66,communes de banlieue,3.58,3.48,3.7,3.61,3.84
38485,Seyssinet-Pariset,84,3.65,communes de banlieue,3.71,3.63,3.57,3.57,3.71
67309,Mundolsheim,63,3.64,communes de banlieue,3.51,3.42,3.71,3.69,3.75
44009,Basse-Goulaine,90,3.64,communes de banlieue,3.31,3.58,3.59,3.66,3.95
56036,Caudan,84,3.63,communes de banlieue,3.73,3.83,3.6,3.35,3.7
84043,Entraigues-sur-la-Sorgue,70,3.63,communes de banlieue,3.42,3.61,3.47,3.67,3.89
91340,Lisses,20,3.63,communes de banlieue,2.75,3.55,3.31,4.01,4.27
17274,Périgny,115,3.63,communes de banlieue,3.56,3.57,3.5,3.54,3.9
38317,Le Pont-de-Claix,76,3.61,communes de banlieue,3.27,3.7,3.73,3.59,3.72
49267,Saint-Barthélemy-d'Anjou,70,3.61,communes de banlieue,3.71,3.66,3.39,3.51,3.73
74242,Saint-Jorioz,11,3.61,communes de banlieue,4.02,3.3,3.75,3.45,3.52
13083,Rognonas,102,3.6,communes de banlieue,2.96,3.82,3.67,3.49,3.96
91272,Gif-sur-Yvette,197,3.59,communes de banlieue,3.86,3.61,3.23,3.51,3.72
73029,Barberaz,65,3.59,communes de banlieue,3.72,3.77,3.58,3.39,3.55
91458,Nozay,83,3.58,communes de banlieue,2.95,3.8,3.4,3.68,3.94
44074,Indre,83,3.58,communes de banlieue,3.3,3.54,3.33,3.64,3.95
45232,Olivet,106,3.58,communes de banlieue,3.83,3.68,3.17,3.5,3.69
72095,Coulaines,73,3.57,communes de banlieue,3.41,3.64,3.42,3.52,3.81
33192,Gradignan,74,3.57,communes de banlieue,3.62,3.36,3.37,3.62,3.71
66195,Le Soler,63,3.56,communes de banlieue,3.38,3.83,3.63,3.35,3.66
35281,Saint-Jacques-de-la-Lande,105,3.56,communes de banlieue,3.45,3.72,3.55,3.39,3.71
38158,Eybens,84,3.56,communes de banlieue,3.6,3.68,3.66,3.33,3.58
42097,La Fouillouse,10,3.56,communes de banlieue,4.12,4.05,3.24,3.18,3.47
91347,Longpont-sur-Orge,53,3.55,communes de banlieue,3.31,4.05,3.55,3.39,3.54
34198,Pérols,70,3.55,communes de banlieue,3.42,3.38,3.26,3.81,3.72
31433,Portet-sur-Garonne,78,3.54,communes de banlieue,3.44,3.76,3.44,3.43,3.62
38516,La Tronche,69,3.54,communes de banlieue,3.77,3.41,3.49,3.45,3.56
77067,Cesson,51,3.54,communes de banlieue,3.14,3.45,3.55,3.6,3.83
69064,Condrieu,18,3.54,communes de banlieue,3.59,3.17,3.73,3.46,3.63
91377,Massy,339,3.53,communes de banlieue,3.47,3.75,3.5,3.37,3.56
78640,Vélizy-Villacoublay,94,3.53,communes de banlieue,3.53,3.49,3.22,3.59,3.72
68300,Sausheim,66,3.53,communes de banlieue,3.23,3.33,3.46,3.65,3.87
34023,Balaruc-les-Bains,16,3.52,communes de banlieue,3.36,3.17,3.59,3.56,3.73
64335,Lescar,77,3.52,communes de banlieue,3.5,3.69,3.48,3.36,3.61
91122,Bures-sur-Yvette,105,3.52,communes de banlieue,3.64,3.81,3.39,3.3,3.54
78688,Voisins-le-Bretonneux,59,3.52,communes de banlieue,3.79,3.42,2.99,3.63,3.65
35278,Saint-Grégoire,106,3.52,communes de banlieue,3.71,3.49,3.42,3.31,3.62
77438,Saint-Thibault-des-Vignes,63,3.52,communes de banlieue,3.22,3.48,3.43,3.56,3.84
44035,La Chapelle-sur-Erdre,103,3.52,communes de banlieue,3.32,3.62,3.52,3.35,3.73
78297,Guyancourt,138,3.52,communes de banlieue,3.64,3.39,2.99,3.67,3.73
17291,Puilboreau,64,3.51,communes de banlieue,3.73,3.43,3.37,3.4,3.6
92071,Sceaux,216,3.51,communes de banlieue,3.52,3.62,3.49,3.39,3.53
91521,Ris-Orangis,63,3.51,communes de banlieue,3.22,3.72,3.51,3.46,3.66
77169,Émerainville,59,3.5,communes de banlieue,3.26,3.4,3.14,3.73,3.82
44210,Trignac,24,3.5,communes de banlieue,3.73,3.61,3.31,3.42,3.46
59273,Gravelines,13,3.5,communes de banlieue,2.78,3.67,3.55,3.5,3.88
94048,Marolles-en-Brie,74,3.5,communes de banlieue,3.23,3.65,3.22,3.53,3.79
28209,Lèves,52,3.5,communes de banlieue,3.1,3.48,3.72,3.43,3.72
74008,Ambilly,25,3.49,communes de banlieue,3.51,3.42,3.68,3.43,3.39
78190,Croissy-sur-Seine,145,3.48,communes de banlieue,2.86,3.49,3.59,3.57,3.77
78208,Élancourt,135,3.48,communes de banlieue,3.18,3.55,3.17,3.64,3.76
92014,Bourg-la-Reine,247,3.47,communes de banlieue,3.87,3.31,3.37,3.38,3.39
21617,Talant,19,3.46,communes de banlieue,3.42,3.53,2.87,3.61,3.73
78383,Maurepas,98,3.46,communes de banlieue,3.31,3.38,3.05,3.68,3.74
31254,Labège,87,3.46,communes de banlieue,3.59,3.66,3.19,3.35,3.52
44018,Bouaye,66,3.45,communes de banlieue,3.07,3.73,3.52,3.3,3.62
91363,Marcoussis,184,3.45,communes de banlieue,3.03,4.06,3.59,3.14,3.6
49015,Avrillé,73,3.45,communes de banlieue,3.36,3.16,3.25,3.58,3.75
77296,Moissy-Cramayel,32,3.45,communes de banlieue,3.06,3.57,3.27,3.57,3.69
56206,Saint-Avé,67,3.44,communes de banlieue,3.94,3.65,3.24,3.02,3.46
93048,Montreuil,520,3.44,communes de banlieue,3.53,3.54,3.4,3.31,3.42
44071,Haute-Goulaine,97,3.42,communes de banlieue,3.13,3.34,3.25,3.47,3.8
29212,Plouzané,198,3.42,communes de banlieue,3.71,3.3,3.11,3.3,3.6
44055,La Baule-Escoublac,71,3.4,communes de banlieue,3.92,3.28,3.03,3.26,3.49
31557,Tournefeuille,293,3.4,communes de banlieue,3.07,3.45,3.27,3.37,3.73
92046,Malakoff,413,3.4,communes de banlieue,3.43,3.27,3.22,3.37,3.59
59378,Marcq-en-Barœul,373,3.4,communes de banlieue,3.51,3.55,3.23,3.26,3.46
44114,Orvault,101,3.4,communes de banlieue,3.5,3.6,3.23,3.18,3.51
62548,Marck,12,3.39,communes de banlieue,3.35,3.35,3.17,3.32,3.64
56098,Lanester,147,3.39,communes de banlieue,3.65,3.51,3.37,3.04,3.43
41295,Vineuil,23,3.39,communes de banlieue,3.34,3.47,3.15,3.28,3.65
78117,Buc,206,3.39,communes de banlieue,3.23,3.28,3.35,3.48,3.53
64237,Gelos,58,3.39,communes de banlieue,3.4,3.5,3.21,3.28,3.55
37214,Saint-Cyr-sur-Loire,83,3.39,communes de banlieue,3.23,3.2,3.26,3.42,3.66
17010,Angoulins,72,3.39,communes de banlieue,3.82,2.96,3.3,3.18,3.58
34337,Villeneuve-lès-Maguelone,70,3.38,communes de banlieue,3.38,3.19,3.11,3.43,3.64
78224,L'Étang-la-Ville,72,3.38,communes de banlieue,3.43,3.65,2.76,3.48,3.54
56185,Quéven,69,3.38,communes de banlieue,3.26,3.54,3.29,3.25,3.53
95183,Courdimanche,11,3.38,communes de banlieue,3.05,3.57,2.95,3.68,3.55
21515,Quetigny,64,3.38,communes de banlieue,3.6,3.34,2.97,3.38,3.51
69271,Chassieu,174,3.38,communes de banlieue,2.83,3.46,3.35,3.35,3.8
67137,Fegersheim,10,3.37,communes de banlieue,3.06,2.92,3.34,3.62,3.7
38179,Gières,86,3.37,communes de banlieue,3.69,3.34,3.47,3.11,3.3
33039,Bègles,192,3.36,communes de banlieue,3.78,3.38,3.29,3.04,3.39
54184,Essey-lès-Nancy,62,3.36,communes de banlieue,3.27,3.34,3.51,3.26,3.42
94021,Chevilly-Larue,97,3.36,communes de banlieue,2.75,3.86,3.3,3.36,3.54
21540,Saint-Apollinaire,41,3.36,communes de banlieue,3.46,3.29,2.91,3.52,3.48
77122,Combs-la-Ville,65,3.36,communes de banlieue,2.79,3.17,3.05,3.65,3.88
66172,Saint-Estève,55,3.35,communes de banlieue,3.06,3.35,3.27,3.47,3.57
73222,Saint-Alban-Leysse,34,3.35,communes de banlieue,3.79,3.07,3.45,3.11,3.35
78440,Les Mureaux,56,3.35,communes de banlieue,2.78,3.52,3.41,3.38,3.65
59009,Villeneuve-d'Ascq,250,3.34,communes de banlieue,3.39,3.21,3.27,3.23,3.51
33449,Saint-Médard-en-Jalles,91,3.34,communes de banlieue,3.29,3.37,3.29,3.22,3.5
68278,Rixheim,28,3.34,communes de banlieue,3.59,3.14,3.17,3.27,3.42
94080,Vincennes,277,3.33,communes de banlieue,3.63,3.14,3.28,3.22,3.35
62528,Loos-en-Gohelle,28,3.33,communes de banlieue,3.11,3.56,3.14,3.24,3.58
77258,Lognes,60,3.33,communes de banlieue,3.23,3.04,2.82,3.48,3.84
49246,Les Ponts-de-Cé,119,3.33,communes de banlieue,3.63,3.41,3.28,3.05,3.33
49020,Beaucouzé,95,3.32,communes de banlieue,3.39,3.31,2.92,3.25,3.64
94060,La Queue-en-Brie,62,3.32,communes de banlieue,2.82,3.31,3.28,3.47,3.59
44198,Les Sorinières,103,3.32,communes de banlieue,3.26,3.31,3.3,3.19,3.49
76322,Le Grand-Quevilly,94,3.32,communes de banlieue,3.14,3.67,3.01,3.22,3.55
38486,Seyssins,75,3.32,communes de banlieue,3.34,3.13,3.31,3.32,3.37
78133,Chambourcy,64,3.32,communes de banlieue,3.34,3.22,3.13,3.37,3.46
68271,Riedisheim,66,3.31,communes de banlieue,3.34,3.56,3.14,3.26,3.32
14437,Mondeville,87,3.31,communes de banlieue,3.6,3.48,3.11,3.09,3.33
71475,Saint-Rémy,62,3.31,communes de banlieue,3.1,4.01,3.1,3.08,3.4
33318,Pessac,207,3.31,communes de banlieue,3.39,3.39,3.14,3.2,3.4
77449,Serris,19,3.31,communes de banlieue,3.19,2.86,3.19,3.48,3.63
17264,Nieul-sur-Mer,81,3.3,communes de banlieue,3.0,3.22,3.2,3.28,3.68
73064,Challes-les-Eaux,60,3.3,communes de banlieue,3.6,3.02,3.42,3.03,3.41
94070,Santeny,55,3.3,communes de banlieue,2.72,3.21,3.15,3.55,3.69
68149,Huningue,75,3.3,communes de banlieue,2.85,3.57,3.58,3.1,3.41
49278,Sainte-Gemmes-sur-Loire,60,3.29,communes de banlieue,3.11,3.32,3.05,3.27,3.62
34077,Clapiers,141,3.29,communes de banlieue,2.9,3.55,3.07,3.22,3.64
37050,Chambray-lès-Tours,76,3.29,communes de banlieue,3.26,3.4,3.15,3.22,3.43
74019,Argonay,16,3.29,communes de banlieue,3.25,3.34,3.01,3.39,3.42
92020,Châtillon,202,3.29,communes de banlieue,3.36,3.67,3.19,3.12,3.2
93055,Pantin,383,3.29,communes de banlieue,3.31,3.38,3.23,3.3,3.19
69266,Villeurbanne,840,3.29,communes de banlieue,3.65,3.15,3.23,3.1,3.27
33281,Mérignac,262,3.29,communes de banlieue,3.58,3.14,3.12,3.13,3.42
56107,Larmor-Plage,89,3.29,communes de banlieue,3.3,3.65,3.04,3.1,3.4
72003,Allonnes,75,3.29,communes de banlieue,3.1,3.36,3.07,3.33,3.54
35024,Betton,128,3.29,communes de banlieue,3.41,3.39,3.08,3.06,3.51
69143,Neuville-sur-Saône,74,3.28,communes de banlieue,3.36,3.33,3.38,3.07,3.3
95060,Bessancourt,55,3.28,communes de banlieue,3.29,3.36,3.25,3.15,3.33
35047,Bruz,196,3.28,communes de banlieue,3.37,3.42,3.29,3.02,3.39
44026,Carquefou,90,3.28,communes de banlieue,3.07,3.19,3.22,3.17,3.64
59090,Bondues,85,3.27,communes de banlieue,3.15,3.37,3.25,3.1,3.47
45274,Saint-Denis-en-Val,20,3.27,communes de banlieue,3.23,2.88,2.88,3.48,3.61
28218,Lucé,60,3.27,communes de banlieue,3.26,3.28,3.24,3.21,3.37
78551,Saint-Germain-en-Laye,165,3.27,communes de banlieue,3.58,3.24,3.18,3.12,3.25
35055,Chantepie,102,3.27,communes de banlieue,3.6,3.39,3.24,2.87,3.33
44172,Sainte-Luce-sur-Loire,85,3.27,communes de banlieue,3.2,3.3,3.24,3.15,3.4
68166,Kingersheim,69,3.26,communes de banlieue,3.24,3.61,3.18,3.04,3.29
95323,Jouy-le-Moutier,74,3.26,communes de banlieue,3.13,3.15,3.05,3.38,3.49
69204,Saint-Genis-Laval,118,3.25,communes de banlieue,3.25,3.53,3.13,3.11,3.32
60414,Montataire,36,3.25,communes de banlieue,2.94,3.35,3.29,3.27,3.4
76402,Malaunay,58,3.25,communes de banlieue,3.04,3.79,3.16,3.03,3.37
35334,Thorigné-Fouillard,87,3.25,communes de banlieue,3.09,3.22,2.92,3.22,3.66
33200,Le Haillan,55,3.25,communes de banlieue,3.37,3.27,3.17,3.02,3.39
59524,Sainghin-en-Weppes,76,3.25,communes de banlieue,3.17,3.55,3.31,2.99,3.31
37018,Ballan-Miré,68,3.24,communes de banlieue,2.86,3.22,3.16,3.25,3.59
31446,Ramonville-Saint-Agne,148,3.24,communes de banlieue,3.37,2.89,2.99,3.3,3.5
53201,Saint-Berthevin,28,3.24,communes de banlieue,3.41,3.08,3.11,3.11,3.42
21171,Chevigny-Saint-Sauveur,82,3.24,communes de banlieue,2.93,3.49,3.01,3.25,3.47
67204,Hœnheim,57,3.24,communes de banlieue,3.41,3.02,3.43,3.06,3.26
77479,Vaires-sur-Marne,100,3.24,communes de banlieue,2.89,3.0,3.12,3.44,3.58
37109,Fondettes,64,3.24,communes de banlieue,2.88,3.16,3.28,3.43,3.35
34116,Grabels,73,3.23,communes de banlieue,2.99,3.41,3.08,3.23,3.41
77445,Savigny-le-Temple,105,3.23,communes de banlieue,2.66,3.12,2.91,3.45,3.78
73213,La Ravoire,58,3.23,communes de banlieue,3.52,3.14,3.31,2.97,3.24
76108,Bois-Guillaume,73,3.23,communes de banlieue,3.19,3.34,2.93,3.28,3.37
91312,Igny,107,3.23,communes de banlieue,3.11,3.52,3.15,3.06,3.35
63124,Cournon-d'Auvergne,71,3.23,communes de banlieue,3.3,3.27,3.05,3.03,3.51
78124,Carrières-sur-Seine,230,3.22,communes de banlieue,2.94,3.15,3.21,3.26,3.48
31182,Fenouillet,26,3.22,communes de banlieue,2.98,3.28,3.25,3.04,3.48
31113,Castanet-Tolosan,154,3.22,communes de banlieue,3.05,3.67,2.9,3.12,3.4
31149,Colomiers,224,3.22,communes de banlieue,2.94,3.36,3.19,3.11,3.44
33162,Eysines,53,3.22,communes de banlieue,3.36,2.89,3.19,3.14,3.39
44151,Saint-André-des-Eaux,19,3.22,communes de banlieue,3.35,3.32,3.29,2.8,3.41
59482,Quesnoy-sur-Deûle,15,3.21,communes de banlieue,3.15,3.53,2.84,3.1,3.49
69202,Sainte-Foy-lès-Lyon,146,3.21,communes de banlieue,3.18,3.15,3.18,3.12,3.36
64129,Billère,94,3.2,communes de banlieue,3.28,3.56,2.91,2.96,3.38
33013,Artigues-près-Bordeaux,52,3.2,communes de banlieue,3.28,3.61,2.82,3.1,3.27
33522,Talence,191,3.2,communes de banlieue,3.64,2.94,3.05,3.11,3.23
95127,Cergy,183,3.2,communes de banlieue,3.26,3.29,3.0,3.14,3.28
31069,Blagnac,198,3.2,communes de banlieue,3.09,3.13,3.28,3.1,3.34
22360,Trégueux,35,3.2,communes de banlieue,3.33,3.1,3.03,3.12,3.34
33273,Martignas-sur-Jalle,96,3.2,communes de banlieue,2.9,3.41,3.17,3.05,3.49
71118,Châtenoy-le-Royal,30,3.2,communes de banlieue,3.1,2.98,3.06,3.18,3.52
91534,Saclay,124,3.2,communes de banlieue,3.11,3.14,3.02,3.15,3.5
77152,Dammarie-les-Lys,76,3.2,communes de banlieue,3.08,3.37,3.2,3.09,3.29
31445,Quint-Fonsegrives,57,3.2,communes de banlieue,3.0,3.28,3.2,3.12,3.35
92002,Antony,540,3.2,communes de banlieue,3.28,3.02,3.17,3.19,3.28
33032,Bassens,52,3.19,communes de banlieue,3.08,3.22,3.18,3.14,3.27
68349,Village-Neuf,69,3.19,communes de banlieue,3.28,3.02,3.02,3.1,3.44
31588,Villeneuve-Tolosane,133,3.19,communes de banlieue,2.95,3.07,2.9,3.32,3.55
77468,Torcy,65,3.19,communes de banlieue,3.23,3.09,3.09,3.14,3.34
92072,Sèvres,102,3.19,communes de banlieue,3.37,3.12,3.14,3.09,3.24
33075,Bruges,162,3.19,communes de banlieue,3.4,3.18,3.31,2.99,3.15
38169,Fontaine,245,3.19,communes de banlieue,3.44,3.08,3.14,3.03,3.23
93061,Le Pré-Saint-Gervais,110,3.19,communes de banlieue,2.99,3.2,3.23,3.17,3.3
38151,Échirolles,96,3.19,communes de banlieue,3.25,3.02,3.26,3.12,3.23
94065,Rungis,69,3.18,communes de banlieue,2.79,3.33,3.06,3.13,3.56
78674,Villepreux,69,3.18,communes de banlieue,3.02,3.37,2.78,3.14,3.57
94069,Saint-Maurice,63,3.18,communes de banlieue,3.27,2.84,3.1,3.31,3.25
29235,Le Relecq-Kerhuon,143,3.18,communes de banlieue,3.34,3.21,3.13,2.92,3.32
92075,Vanves,110,3.17,communes de banlieue,3.43,3.02,3.09,3.05,3.23
67551,Wolfisheim,13,3.17,communes de banlieue,2.82,2.81,3.66,3.13,3.32
69100,Irigny,83,3.17,communes de banlieue,3.04,3.15,2.91,3.22,3.41
74112,Epagny Metz-Tessy,65,3.17,communes de banlieue,3.24,3.08,3.0,3.13,3.31
42184,Riorges,14,3.17,communes de banlieue,3.9,2.96,2.83,2.96,3.19
69292,Sathonay-Camp,72,3.16,communes de banlieue,2.91,3.2,3.07,3.22,3.37
67131,Eschau,53,3.16,communes de banlieue,2.87,3.21,3.39,3.03,3.28
34129,Lattes,125,3.16,communes de banlieue,3.29,2.94,3.03,3.05,3.4
94042,Joinville-le-Pont,123,3.16,communes de banlieue,3.3,2.97,3.16,3.1,3.21
78396,Le Mesnil-le-Roi,70,3.16,communes de banlieue,2.92,3.35,3.05,3.09,3.38
83129,Six-Fours-les-Plages,66,3.16,communes de banlieue,3.57,3.33,3.02,2.88,3.1
10362,Sainte-Savine,31,3.15,communes de banlieue,3.76,3.13,2.85,2.8,3.24
78015,Andrésy,149,3.15,communes de banlieue,3.0,3.18,3.0,3.17,3.33
37195,La Riche,68,3.15,communes de banlieue,3.21,3.13,2.99,3.06,3.32
67267,Lingolsheim,61,3.14,communes de banlieue,3.16,2.87,3.5,3.05,3.09
59286,Haubourdin,91,3.14,communes de banlieue,3.13,3.05,3.37,2.98,3.17
93014,Clichy-sous-Bois,20,3.14,communes de banlieue,2.63,3.0,3.23,3.26,3.44
38421,Saint-Martin-d'Hères,201,3.14,communes de banlieue,3.52,2.71,3.22,3.02,3.13
14181,Cormelles-le-Royal,10,3.14,communes de banlieue,3.0,3.2,2.94,3.38,3.13
94047,Mandres-les-Roses,61,3.13,communes de banlieue,2.61,3.27,3.2,3.18,3.34
91086,Bondoufle,104,3.13,communes de banlieue,2.65,2.98,3.15,3.23,3.52
35066,Chartres-de-Bretagne,52,3.13,communes de banlieue,3.47,2.95,2.77,3.03,3.37
31157,Cugnaux,151,3.12,communes de banlieue,2.83,3.25,2.97,3.1,3.38
38423,Saint-Martin-le-Vinoux,61,3.12,communes de banlieue,3.32,2.57,3.14,3.17,3.25
45235,Ormes,15,3.12,communes de banlieue,3.01,2.8,2.75,3.39,3.4
44020,Bouguenais,110,3.12,communes de banlieue,2.89,3.05,3.22,3.02,3.37
01281,Ornex,34,3.12,communes de banlieue,2.95,3.23,3.32,2.93,3.16
44143,Rezé,447,3.12,communes de banlieue,3.53,3.0,3.08,2.83,3.17
14301,Giberville,58,3.12,communes de banlieue,2.89,2.89,3.03,3.29,3.38
13002,Allauch,57,3.11,communes de banlieue,3.11,3.09,2.95,3.15,3.22
77390,Roissy-en-Brie,23,3.11,communes de banlieue,3.11,3.2,2.82,3.04,3.36
69276,Feyzin,58,3.11,communes de banlieue,2.67,3.34,3.08,3.09,3.35
71445,Saint-Marcel,68,3.11,communes de banlieue,2.82,3.11,3.11,3.03,3.42
91645,Verrières-le-Buisson,76,3.11,communes de banlieue,3.22,3.09,2.96,3.03,3.23
33096,Carbon-Blanc,60,3.1,communes de banlieue,2.88,3.07,3.03,3.11,3.35
78322,Jouy-en-Josas,141,3.1,communes de banlieue,3.57,3.13,2.84,2.92,3.09
13043,Gignac-la-Nerthe,24,3.1,communes de banlieue,2.78,3.39,3.23,2.98,3.22
44103,Montoir-de-Bretagne,70,3.1,communes de banlieue,3.17,3.06,3.03,2.93,3.32
25580,Valentigney,72,3.09,communes de banlieue,2.69,2.94,3.15,3.24,3.31
59328,Lambersart,201,3.09,communes de banlieue,3.43,2.93,2.92,2.97,3.2
94075,Villecresnes,69,3.08,communes de banlieue,2.67,3.24,3.24,2.97,3.28
73031,Bassens,24,3.08,communes de banlieue,3.59,2.82,3.02,2.83,3.12
94018,Charenton-le-Pont,135,3.08,communes de banlieue,3.46,3.19,2.74,2.94,3.08
78382,Maurecourt,58,3.08,communes de banlieue,3.37,3.16,2.4,3.11,3.35
56158,Plescop,38,3.08,communes de banlieue,3.05,3.24,3.38,2.56,3.23
94059,Le Plessis-Trévise,89,3.07,communes de banlieue,2.74,3.1,3.02,3.15,3.28
38474,Sassenage,138,3.07,communes de banlieue,3.4,2.76,3.27,2.82,3.12
77373,Pontault-Combault,53,3.07,communes de banlieue,3.14,3.14,2.84,2.99,3.2
69040,Champagne-au-Mont-d'Or,62,3.07,communes de banlieue,3.09,3.48,3.05,2.71,3.13
69044,Charbonnières-les-Bains,63,3.07,communes de banlieue,3.15,3.04,3.07,2.92,3.15
78418,Montesson,85,3.07,communes de banlieue,2.97,2.76,2.93,3.15,3.36
35210,Pacé,124,3.07,communes de banlieue,3.25,2.92,2.86,2.88,3.36
31169,Escalquens,88,3.07,communes de banlieue,3.04,3.27,2.89,2.97,3.2
33167,Floirac,62,3.07,communes de banlieue,3.1,3.04,3.08,2.99,3.12
22215,Ploufragan,54,3.07,communes de banlieue,3.5,3.02,2.94,2.75,3.15
59299,Hem,95,3.06,communes de banlieue,3.12,3.53,3.22,2.6,3.02
14341,Ifs,69,3.06,communes de banlieue,3.27,2.6,2.83,3.07,3.35
42316,Unieux,109,3.06,communes de banlieue,3.25,2.95,2.77,2.98,3.28
01313,Prévessin-Moëns,101,3.06,communes de banlieue,2.78,3.23,2.9,2.99,3.35
37208,Saint-Avertin,105,3.06,communes de banlieue,2.89,3.04,2.86,3.08,3.34
92026,Courbevoie,255,3.05,communes de banlieue,3.4,2.86,3.01,2.9,3.06
92036,Gennevilliers,77,3.05,communes de banlieue,3.14,3.05,2.97,3.06,3.02
59368,La Madeleine,104,3.05,communes de banlieue,3.61,2.9,2.96,2.78,3.04
44190,Saint-Sébastien-sur-Loire,226,3.05,communes de banlieue,3.52,2.8,2.98,2.83,3.12
91477,Palaiseau,266,3.05,communes de banlieue,3.27,3.11,2.87,2.91,3.12
24557,Trélissac,13,3.05,communes de banlieue,3.57,2.98,3.29,2.65,2.85
77307,Montévrain,74,3.05,communes de banlieue,3.26,2.82,2.76,2.93,3.39
76484,Oissel,52,3.05,communes de banlieue,2.72,2.96,3.05,3.04,3.36
78502,Le Port-Marly,53,3.04,communes de banlieue,3.39,3.3,3.13,2.69,2.89
67118,Eckbolsheim,78,3.04,communes de banlieue,3.33,2.81,3.36,2.84,2.88
93033,Gournay-sur-Marne,126,3.04,communes de banlieue,2.64,3.23,3.04,3.04,3.22
62667,Le Portel,10,3.04,communes de banlieue,2.88,3.28,2.92,2.95,3.2
78073,Bois-d'Arcy,84,3.03,communes de banlieue,2.9,3.29,2.84,2.87,3.23
44162,Saint-Herblain,128,3.03,communes de banlieue,3.25,2.95,2.84,2.87,3.18
60584,Saint-Leu-d'Esserent,63,3.03,communes de banlieue,2.99,3.06,3.06,2.89,3.18
77285,Le Mée-sur-Seine,57,3.03,communes de banlieue,2.47,3.04,3.04,3.1,3.39
78350,Louveciennes,52,3.03,communes de banlieue,3.27,2.9,2.87,2.9,3.21
35206,Noyal-Châtillon-sur-Seiche,50,3.03,communes de banlieue,3.24,3.32,2.93,2.65,3.13
69282,Meyzieu,112,3.02,communes de banlieue,2.9,3.13,3.13,2.83,3.13
30351,Villeneuve-lès-Avignon,111,3.02,communes de banlieue,3.18,2.95,3.03,2.88,3.06
69152,Pierre-Bénite,61,3.02,communes de banlieue,3.2,2.88,2.9,2.87,3.2
91114,Brunoy,163,3.02,communes de banlieue,2.94,2.95,2.97,3.07,3.13
67447,Schiltigheim,223,3.02,communes de banlieue,3.47,3.01,3.14,2.71,2.89
94046,Maisons-Alfort,226,3.02,communes de banlieue,3.34,2.65,2.84,3.08,3.07
86115,Jaunay-Marigny,17,3.02,communes de banlieue,2.79,3.35,2.96,2.84,3.16
92022,Chaville,131,3.02,communes de banlieue,3.35,2.78,2.68,3.06,3.13
60382,Margny-lès-Compiègne,81,3.02,communes de banlieue,3.14,3.31,3.03,2.73,3.01
86041,Buxerolles,56,3.01,communes de banlieue,3.2,3.01,2.7,2.85,3.28
90099,Valdoie,13,3.01,communes de banlieue,3.03,2.62,3.14,2.97,3.21
88465,Capavenir Vosges,52,3.01,communes de banlieue,3.49,3.03,2.85,2.76,3.0
33519,Le Taillan-Médoc,90,3.01,communes de banlieue,2.99,3.09,3.12,2.77,3.14
69081,Écully,81,3.01,communes de banlieue,3.24,3.1,2.79,2.86,3.12
92077,Ville-d'Avray,67,3.01,communes de banlieue,3.13,2.8,2.84,3.0,3.19
49035,Bouchemaine,81,3.01,communes de banlieue,3.12,2.76,2.78,2.9,3.35
17142,Dompierre-sur-Mer,101,3.01,communes de banlieue,3.21,3.11,2.9,2.68,3.19
31187,Fonsorbes,18,3.01,communes de banlieue,2.97,3.25,3.03,2.83,3.04
59410,Mons-en-Barœul,71,3.0,communes de banlieue,3.74,2.64,2.79,2.77,3.05
59560,Seclin,72,3.0,communes de banlieue,3.28,2.66,3.03,2.79,3.16
10333,Saint-André-les-Vergers,14,3.0,communes de banlieue,2.93,3.07,2.83,3.0,3.14
06152,Valbonne,109,3.0,communes de banlieue,3.12,3.36,2.93,2.66,3.05
94002,Alfortville,208,3.0,communes de banlieue,3.47,2.81,2.7,2.99,3.01
44166,Saint-Jean-de-Boiseau,14,2.99,communes de banlieue,2.64,3.04,3.1,2.89,3.29
34123,Juvignac,94,2.99,communes de banlieue,2.9,3.47,2.71,2.8,3.12
73087,Cognin,61,2.99,communes de banlieue,3.1,2.73,3.24,2.81,3.06
13019,Cabriès,84,2.99,communes de banlieue,2.96,3.6,3.15,2.53,2.98
35059,La Chapelle-des-Fougeretz,57,2.99,communes de banlieue,3.02,3.33,2.72,2.69,3.28
64125,Bidart,22,2.99,communes de banlieue,3.67,3.01,3.21,2.5,2.72
69029,Bron,144,2.99,communes de banlieue,3.22,2.74,2.93,2.92,3.1
95063,Bezons,305,2.99,communes de banlieue,3.14,3.27,3.04,2.71,2.9
33249,Lormont,59,2.99,communes de banlieue,2.92,2.84,2.99,2.94,3.2
21355,Longvic,19,2.98,communes de banlieue,3.04,3.18,2.67,2.86,3.2
77058,Bussy-Saint-Georges,84,2.98,communes de banlieue,2.55,2.79,2.88,3.07,3.47
77337,Noisiel,54,2.98,communes de banlieue,2.8,2.88,2.62,3.13,3.33
95563,Saint-Leu-la-Forêt,67,2.98,communes de banlieue,2.86,2.78,2.95,3.05,3.17
59360,Loos,90,2.98,communes de banlieue,3.26,2.77,3.14,2.73,3.01
76157,Canteleu,75,2.97,communes de banlieue,2.61,3.06,2.99,2.96,3.22
69283,Mions,16,2.97,communes de banlieue,2.9,2.72,2.91,2.9,3.3
31282,Launaguet,52,2.97,communes de banlieue,2.87,2.78,3.17,2.83,3.16
91228,Évry-Courcouronnes,131,2.97,communes de banlieue,2.74,3.31,2.65,2.93,3.24
31035,Auzeville-Tolosane,54,2.97,communes de banlieue,3.22,2.6,2.58,3.08,3.21
91471,Orsay,132,2.96,communes de banlieue,3.52,2.93,2.6,2.83,2.95
91021,Arpajon,65,2.96,communes de banlieue,2.84,3.05,2.99,2.85,3.11
78481,Le Pecq,83,2.96,communes de banlieue,3.34,2.95,3.02,2.75,2.84
59143,La Chapelle-d'Armentières,57,2.96,communes de banlieue,3.03,2.69,2.86,2.9,3.22
57757,Yutz,53,2.95,communes de banlieue,3.14,2.78,2.95,2.83,2.99
37172,Notre-Dame-d'Oé,16,2.95,communes de banlieue,3.18,2.77,2.44,3.11,3.15
17028,Aytré,102,2.95,communes de banlieue,3.68,2.56,2.73,2.71,3.03
38524,Varces-Allières-et-Risset,71,2.95,communes de banlieue,2.81,3.0,2.88,2.77,3.27
94016,Cachan,146,2.95,communes de banlieue,3.2,2.56,2.71,3.01,3.12
31395,Muret,69,2.95,communes de banlieue,3.13,3.03,2.65,2.69,3.21
44204,Thouaré-sur-Loire,80,2.94,communes de banlieue,3.42,2.92,2.76,2.57,3.11
69278,Genay,16,2.94,communes de banlieue,3.05,2.81,2.72,2.88,3.16
94053,Noiseau,60,2.94,communes de banlieue,2.79,2.84,2.87,2.91,3.23
06027,Cagnes-sur-Mer,115,2.94,communes de banlieue,3.32,2.79,2.9,2.8,2.88
95427,Montmagny,59,2.94,communes de banlieue,2.68,2.76,2.84,3.08,3.19
94033,Fontenay-sous-Bois,256,2.94,communes de banlieue,3.26,2.76,2.97,2.76,2.96
78158,Le Chesnay-Rocquencourt,124,2.93,communes de banlieue,3.07,3.1,2.68,2.86,2.98
33229,Lanton,128,2.93,communes de banlieue,3.1,2.69,2.87,2.83,3.08
49323,Verrières-en-Anjou,71,2.93,communes de banlieue,3.31,2.7,2.68,2.66,3.23
94074,Valenton,50,2.93,communes de banlieue,2.56,3.06,2.98,2.99,3.04
06029,Cannes,128,2.93,communes de banlieue,3.3,3.03,2.84,2.62,2.92
92048,Meudon,143,2.93,communes de banlieue,3.22,2.79,2.81,2.82,3.0
31022,Aucamville,51,2.93,communes de banlieue,2.87,2.82,2.98,2.83,3.08
33119,Cenon,71,2.92,communes de banlieue,2.91,2.79,2.9,2.86,3.08
25057,Bethoncourt,11,2.92,communes de banlieue,2.25,2.68,3.2,3.11,3.18
94001,Ablon-sur-Seine,32,2.92,communes de banlieue,2.62,2.88,2.86,3.12,3.05
22106,Langueux,37,2.92,communes de banlieue,3.43,2.69,2.52,2.82,3.08
95572,Saint-Ouen-l'Aumône,54,2.92,communes de banlieue,2.99,2.88,2.79,2.77,3.13
14068,Biéville-Beuville,24,2.92,communes de banlieue,2.57,3.1,3.02,2.8,3.13
33065,Bouliac,56,2.92,communes de banlieue,3.09,2.7,2.93,2.8,3.08
92025,Colombes,313,2.91,communes de banlieue,3.26,2.71,2.76,2.78,2.99
91103,Brétigny-sur-Orge,70,2.91,communes de banlieue,3.07,2.82,2.95,2.69,3.0
94068,Saint-Maur-des-Fossés,384,2.91,communes de banlieue,3.15,2.79,2.89,2.72,2.98
31389,Montrabé,50,2.91,communes de banlieue,3.22,2.81,2.73,2.75,3.04
30011,Les Angles,64,2.91,communes de banlieue,3.02,2.66,2.74,2.89,3.16
91421,Montgeron,98,2.91,communes de banlieue,2.89,2.92,3.03,2.75,3.0
54526,Tomblaine,53,2.91,communes de banlieue,2.59,2.96,3.05,2.95,2.97
93031,Épinay-sur-Seine,83,2.9,communes de banlieue,2.7,3.09,2.86,2.89,2.96
14167,Colombelles,56,2.9,communes de banlieue,3.14,2.78,2.78,2.69,3.09
92064,Saint-Cloud,152,2.9,communes de banlieue,3.18,2.75,2.82,2.79,2.98
95218,Éragny,53,2.9,communes de banlieue,3.09,2.69,2.75,2.9,2.97
59044,Baisieux,92,2.9,communes de banlieue,2.61,3.03,2.93,2.87,3.09
93046,Livry-Gargan,72,2.9,communes de banlieue,2.43,2.86,2.99,2.94,3.14
91097,Boussy-Saint-Antoine,51,2.9,communes de banlieue,2.54,2.75,2.82,3.13,3.11
92050,Nanterre,238,2.9,communes de banlieue,2.88,2.84,2.93,2.86,2.97
76498,Le Petit-Quevilly,71,2.9,communes de banlieue,2.99,3.07,2.67,2.85,2.98
44069,Guérande,118,2.9,communes de banlieue,3.43,2.73,2.79,2.59,3.04
77111,Chessy,17,2.9,communes de banlieue,2.66,2.85,2.68,2.94,3.25
91191,Crosne,53,2.89,communes de banlieue,2.78,3.03,2.84,2.83,2.98
44194,Sautron,63,2.89,communes de banlieue,3.3,2.75,2.81,2.61,3.01
35353,Vezin-le-Coquet,94,2.89,communes de banlieue,2.84,3.0,2.76,2.72,3.13
59165,Cuincy,12,2.89,communes de banlieue,2.92,2.6,2.78,2.92,3.07
92063,Rueil-Malmaison,281,2.89,communes de banlieue,3.35,2.6,2.97,2.66,2.89
94003,Arcueil,157,2.89,communes de banlieue,3.14,2.87,2.68,2.84,2.91
69273,Corbas,73,2.89,communes de banlieue,2.43,2.99,2.88,2.85,3.25
44101,La Montagne,59,2.89,communes de banlieue,2.56,3.21,2.96,2.71,3.1
42127,Mably,22,2.89,communes de banlieue,3.16,2.7,2.64,2.67,3.22
78092,Bougival,121,2.89,communes de banlieue,3.27,3.04,2.96,2.61,2.72
29011,Bohars,63,2.89,communes de banlieue,3.8,2.18,3.12,2.51,2.91
13087,Rousset,57,2.89,communes de banlieue,2.62,2.7,2.7,3.0,3.28
92024,Clichy,166,2.88,communes de banlieue,3.14,2.62,2.85,2.78,2.93
31044,Balma,110,2.88,communes de banlieue,2.8,2.86,2.89,2.8,3.02
78490,Plaisir,92,2.88,communes de banlieue,3.24,2.97,2.68,2.65,2.95
62004,Achicourt,12,2.88,communes de banlieue,3.42,2.44,2.58,2.82,3.04
69149,Oullins,238,2.88,communes de banlieue,3.68,2.57,2.91,2.57,2.73
92062,Puteaux,202,2.88,communes de banlieue,3.37,2.81,2.83,2.65,2.82
38150,Domène,92,2.88,communes de banlieue,2.79,2.46,3.11,2.87,3.03
22187,Plérin,128,2.88,communes de banlieue,3.42,2.73,2.85,2.49,3.0
68056,Brunstatt-Didenheim,64,2.87,communes de banlieue,3.09,2.85,2.98,2.61,2.9
34217,Prades-le-Lez,95,2.87,communes de banlieue,3.11,3.46,2.41,2.52,3.02
83098,Le Pradet,69,2.87,communes de banlieue,2.92,2.63,2.88,2.8,3.04
72260,Ruaudin,86,2.87,communes de banlieue,3.22,2.77,2.7,2.62,3.09
76095,Bihorel,71,2.87,communes de banlieue,2.87,2.55,2.55,3.07,3.13
95306,Herblay-sur-Seine,134,2.87,communes de banlieue,3.2,2.83,2.68,2.7,2.98
94052,Nogent-sur-Marne,291,2.87,communes de banlieue,3.36,2.65,2.83,2.62,2.91
94058,Le Perreux-sur-Marne,217,2.87,communes de banlieue,3.16,2.53,2.75,2.76,3.05
69034,Caluire-et-Cuire,358,2.87,communes de banlieue,3.15,2.72,2.79,2.73,2.95
13056,Martigues,90,2.87,communes de banlieue,3.1,2.95,2.8,2.47,3.08
69286,Rillieux-la-Pape,103,2.87,communes de banlieue,2.84,2.9,2.73,2.85,3.0
59339,Leers,11,2.87,communes de banlieue,2.47,2.57,3.35,2.86,3.02
94041,Ivry-sur-Seine,154,2.87,communes de banlieue,3.19,2.7,2.81,2.83,2.82
59636,Wambrechies,74,2.86,communes de banlieue,3.05,2.7,2.74,2.83,2.95
59421,Mouvaux,72,2.86,communes de banlieue,2.86,2.82,2.75,2.9,2.94
69256,Vaulx-en-Velin,58,2.86,communes de banlieue,2.92,2.59,3.06,2.79,2.88
49223,Mûrs-Erigné,59,2.86,communes de banlieue,2.73,2.81,2.77,2.81,3.12
06079,Mandelieu-la-Napoule,63,2.86,communes de banlieue,3.3,2.91,2.63,2.61,2.89
91692,Les Ulis,67,2.86,communes de banlieue,2.87,3.03,2.67,2.72,3.03
45284,Saint-Jean-de-Braye,64,2.86,communes de banlieue,3.25,2.6,2.42,2.86,3.07
92040,Issy-les-Moulineaux,271,2.86,communes de banlieue,3.32,2.56,2.68,2.75,2.91
91432,Morangis,24,2.86,communes de banlieue,2.87,2.9,2.72,2.75,3.04
87075,Isle,18,2.86,communes de banlieue,3.29,3.33,2.46,2.44,2.94
91457,La Norville,13,2.86,communes de banlieue,3.25,2.63,2.54,2.88,2.94
92076,Vaucresson,54,2.85,communes de banlieue,2.69,2.7,2.86,2.87,3.05
94037,Gentilly,102,2.85,communes de banlieue,2.87,2.77,2.74,2.85,3.0
13010,Barbentane,105,2.85,communes de banlieue,2.73,2.77,2.69,2.79,3.19
95680,Villiers-le-Bel,55,2.85,communes de banlieue,2.48,3.09,2.76,2.86,3.06
59352,Linselles,59,2.85,communes de banlieue,2.56,2.71,2.74,2.93,3.18
91689,Wissous,67,2.84,communes de banlieue,2.54,2.7,2.67,3.06,3.12
78358,Maisons-Laffitte,154,2.84,communes de banlieue,3.14,2.59,2.38,2.8,3.14
59512,Roubaix,100,2.84,communes de banlieue,3.08,2.75,2.9,2.68,2.86
93073,Tremblay-en-France,76,2.84,communes de banlieue,2.85,3.0,2.54,2.69,3.11
59650,Wattrelos,61,2.84,communes de banlieue,2.67,2.8,2.91,2.81,3.01
66164,Rivesaltes,53,2.84,communes de banlieue,2.72,2.59,2.66,2.94,3.15
35189,Montgermont,28,2.83,communes de banlieue,3.14,2.71,2.53,2.63,3.12
29189,Plougastel-Daoulas,132,2.83,communes de banlieue,3.03,2.64,2.78,2.68,2.97
78650,Le Vésinet,151,2.83,communes de banlieue,3.11,2.68,2.6,2.67,3.05
95277,Gonesse,29,2.83,communes de banlieue,2.41,2.97,2.92,2.8,3.05
80489,Longueau,65,2.83,communes de banlieue,2.86,2.74,2.66,2.9,2.92
76497,Petit-Couronne,64,2.83,communes de banlieue,2.35,2.73,2.7,3.03,3.2
59507,Ronchin,96,2.83,communes de banlieue,3.24,2.67,2.71,2.64,2.91
92073,Suresnes,182,2.82,communes de banlieue,3.05,2.89,2.9,2.57,2.8
76451,Mont-Saint-Aignan,73,2.82,communes de banlieue,2.92,2.64,2.4,2.91,3.1
59508,Roncq,59,2.82,communes de banlieue,2.89,2.57,2.74,2.81,3.02
14101,Bretteville-sur-Odon,70,2.82,communes de banlieue,2.93,2.82,2.59,2.72,3.03
29061,Gouesnou,67,2.81,communes de banlieue,3.63,2.28,2.92,2.44,2.85
64348,Lons,80,2.81,communes de banlieue,3.04,2.45,2.62,2.56,3.22
91549,Sainte-Geneviève-des-Bois,100,2.81,communes de banlieue,2.75,2.71,2.56,2.91,3.04
77487,Vaux-le-Pénil,62,2.81,communes de banlieue,2.68,2.67,2.76,2.8,3.08
54547,Vandœuvre-lès-Nancy,119,2.81,communes de banlieue,3.22,2.69,2.85,2.61,2.75
93071,Sevran,67,2.81,communes de banlieue,2.25,2.79,2.84,3.03,3.05
33207,Izon,16,2.81,communes de banlieue,3.05,3.08,2.45,2.66,2.9
78168,Coignières,83,2.81,communes de banlieue,2.88,2.84,2.51,2.85,2.94
47201,Le Passage,10,2.8,communes de banlieue,3.06,2.65,2.58,2.6,3.1
95176,Cormeilles-en-Parisis,132,2.8,communes de banlieue,2.91,2.87,2.95,2.47,2.87
94004,Boissy-Saint-Léger,72,2.8,communes de banlieue,3.18,2.5,2.53,2.81,2.9
92035,La Garenne-Colombes,85,2.8,communes de banlieue,3.25,2.42,2.63,2.68,2.93
69205,Saint-Genis-les-Ollières,86,2.8,communes de banlieue,2.9,2.68,2.78,2.63,3.02
93047,Montfermeil,30,2.8,communes de banlieue,2.77,2.62,2.74,2.78,2.99
94015,Bry-sur-Marne,81,2.8,communes de banlieue,2.83,2.45,2.61,2.87,3.1
40281,Saint-Pierre-du-Mont,65,2.8,communes de banlieue,3.11,2.54,2.6,2.68,3.0
77294,Mitry-Mory,58,2.8,communes de banlieue,2.67,3.0,2.66,2.68,3.01
69088,Fontaines-sur-Saône,66,2.8,communes de banlieue,3.1,2.55,2.75,2.76,2.81
59152,Comines,51,2.8,communes de banlieue,2.47,2.63,2.86,2.86,3.09
69275,Décines-Charpieu,63,2.79,communes de banlieue,2.99,2.31,2.9,2.79,2.85
33312,Parempuyre,103,2.79,communes de banlieue,3.01,2.59,2.9,2.54,2.92
92032,Fontenay-aux-Roses,221,2.79,communes de banlieue,3.06,2.51,2.8,2.75,2.81
76640,Saint-Pierre-lès-Elbeuf,59,2.79,communes de banlieue,2.56,2.9,2.77,2.79,2.95
94067,Saint-Mandé,131,2.79,communes de banlieue,3.19,2.49,2.89,2.65,2.76
68375,Wittelsheim,12,2.79,communes de banlieue,3.17,2.58,2.72,2.65,2.78
51573,Tinqueux,74,2.79,communes de banlieue,3.22,2.47,2.45,2.78,2.98
76561,Saint-Aubin-lès-Elbeuf,55,2.79,communes de banlieue,2.56,2.91,2.72,2.76,2.99
95476,Osny,19,2.78,communes de banlieue,2.55,2.79,2.54,2.87,3.05
78686,Viroflay,152,2.78,communes de banlieue,2.9,2.43,2.56,2.95,2.94
64132,Bizanos,79,2.78,communes de banlieue,3.08,2.5,2.61,2.67,2.97
92023,Clamart,336,2.78,communes de banlieue,3.12,2.3,2.71,2.72,2.96
38239,Moirans,70,2.78,communes de banlieue,2.99,2.52,2.65,2.65,3.0
86158,Migné-Auxances,22,2.78,communes de banlieue,3.41,2.94,2.43,2.39,2.89
91479,Paray-Vieille-Poste,11,2.78,communes de banlieue,2.82,2.86,2.44,2.82,2.94
42302,Sorbiers,60,2.78,communes de banlieue,3.1,3.08,2.65,2.45,2.76
63063,Cébazat,61,2.77,communes de banlieue,3.18,2.67,2.41,2.61,2.95
67043,Bischheim,79,2.77,communes de banlieue,3.09,2.44,3.09,2.55,2.7
94044,Limeil-Brévannes,82,2.77,communes de banlieue,2.7,2.69,2.71,2.8,2.92
91691,Yerres,90,2.77,communes de banlieue,2.8,2.47,2.6,2.86,3.01
45089,Chécy,51,2.77,communes de banlieue,2.9,2.62,2.63,2.73,2.93
14327,Hérouville-Saint-Clair,109,2.77,communes de banlieue,2.91,2.58,2.54,2.77,2.96
13054,Marignane,22,2.77,communes de banlieue,2.41,2.85,2.9,2.64,3.03
59553,Santes,140,2.77,communes de banlieue,2.76,2.81,2.66,2.68,2.97
77495,Vert-Saint-Denis,35,2.77,communes de banlieue,2.6,2.55,2.65,2.87,3.06
59527,Saint-André-lez-Lille,95,2.77,communes de banlieue,3.27,2.24,2.71,2.67,2.88
56090,Inzinzac-Lochrist,32,2.77,communes de banlieue,3.14,2.54,2.33,2.79,2.98
01419,Thoiry,91,2.76,communes de banlieue,2.84,2.94,2.39,2.7,2.97
59279,Halluin,29,2.76,communes de banlieue,2.46,2.67,2.76,2.78,3.08
92033,Garches,131,2.76,communes de banlieue,2.92,2.56,2.47,2.84,2.94
45169,Ingré,76,2.76,communes de banlieue,2.82,2.78,2.46,2.77,2.93
31506,Saint-Orens-de-Gameville,84,2.76,communes de banlieue,2.86,2.48,2.56,2.76,3.04
78267,Gargenville,56,2.76,communes de banlieue,2.46,2.75,2.94,2.69,2.93
92044,Levallois-Perret,233,2.75,communes de banlieue,3.11,2.43,2.37,2.8,2.92
06090,Pégomas,63,2.75,communes de banlieue,3.22,2.85,2.54,2.42,2.83
72008,Arnage,71,2.75,communes de banlieue,3.21,2.5,2.92,2.38,2.82
78311,Houilles,254,2.75,communes de banlieue,2.87,2.62,2.57,2.65,2.97
69290,Saint-Priest,75,2.75,communes de banlieue,3.05,2.55,2.54,2.62,2.93
74213,Poisy,60,2.75,communes de banlieue,2.87,2.65,2.62,2.64,2.95
86062,Chasseneuil-du-Poitou,24,2.75,communes de banlieue,2.77,2.75,2.76,2.58,2.88
69072,Dardilly,20,2.75,communes de banlieue,3.05,2.76,2.56,2.6,2.82
92060,Le Plessis-Robinson,167,2.75,communes de banlieue,2.93,2.42,2.51,2.76,3.01
76231,Elbeuf,67,2.74,communes de banlieue,2.72,3.01,2.69,2.57,2.79
51172,Cormontreuil,16,2.74,communes de banlieue,3.24,2.55,2.55,2.61,2.75
69127,Marcy-l'Étoile,73,2.74,communes de banlieue,2.72,2.56,2.67,2.67,2.99
13046,Gréasque,14,2.74,communes de banlieue,2.73,2.79,2.49,2.67,3.0
51055,Bétheny,41,2.74,communes de banlieue,2.78,2.82,2.54,2.61,2.97
25228,Étupes,15,2.74,communes de banlieue,2.32,3.35,3.16,2.5,2.58
83069,Hyères,102,2.74,communes de banlieue,3.01,2.55,2.67,2.57,2.85
68154,Illzach,59,2.74,communes de banlieue,2.64,2.47,2.92,2.78,2.85
38133,Coublevie,56,2.74,communes de banlieue,3.2,2.73,2.28,2.59,2.93
06085,Mougins,72,2.73,communes de banlieue,3.15,2.93,2.36,2.53,2.74
13069,Pélissanne,89,2.73,communes de banlieue,2.83,2.77,2.71,2.49,2.92
35131,L'Hermitage,52,2.73,communes de banlieue,3.04,2.58,2.5,2.49,3.01
06033,Carros,18,2.73,communes de banlieue,2.57,2.6,2.71,2.72,3.02
69250,La Tour-de-Salvagny,56,2.73,communes de banlieue,3.06,2.6,2.48,2.6,2.86
76341,Harfleur,55,2.73,communes de banlieue,2.66,2.75,2.59,2.72,2.92
94071,Sucy-en-Brie,102,2.73,communes de banlieue,2.98,2.56,2.5,2.64,2.93
29075,Guipavas,147,2.73,communes de banlieue,3.56,2.18,2.77,2.36,2.8
78642,Verneuil-sur-Seine,80,2.73,communes de banlieue,2.72,2.81,2.65,2.56,2.93
78146,Chatou,181,2.73,communes de banlieue,2.97,2.63,2.64,2.65,2.75
95488,Pierrelaye,40,2.73,communes de banlieue,2.68,2.68,2.76,2.66,2.86
59646,Wasquehal,72,2.73,communes de banlieue,2.87,2.55,2.65,2.65,2.89
91161,Chilly-Mazarin,82,2.73,communes de banlieue,2.57,2.94,2.71,2.69,2.79
33069,Le Bouscat,80,2.72,communes de banlieue,3.27,2.39,2.85,2.4,2.73
31248,Labarthe-sur-Lèze,51,2.72,communes de banlieue,2.35,2.99,2.64,2.54,3.1
13027,Châteaurenard,139,2.72,communes de banlieue,2.43,2.91,2.68,2.56,3.04
59163,Croix,63,2.72,communes de banlieue,3.22,2.31,2.64,2.6,2.81
19123,Malemort,42,2.72,communes de banlieue,3.25,2.55,2.29,2.69,2.82
79081,Chauray,13,2.72,communes de banlieue,3.06,2.5,2.46,2.51,3.05
31203,Frouzins,82,2.72,communes de banlieue,2.55,2.38,2.46,2.92,3.07
69191,Saint-Cyr-au-Mont-d'Or,56,2.71,communes de banlieue,2.75,2.72,2.44,2.71,2.93
57049,Le Ban-Saint-Martin,27,2.71,communes de banlieue,2.9,2.43,2.64,2.62,2.88
44047,Couëron,137,2.71,communes de banlieue,2.97,2.46,2.79,2.44,2.87
77514,Villeparisis,123,2.71,communes de banlieue,2.44,2.79,2.77,2.65,2.91
38565,Voreppe,78,2.71,communes de banlieue,3.11,2.37,2.72,2.48,2.86
69244,Tassin-la-Demi-Lune,145,2.7,communes de banlieue,3.31,2.45,2.61,2.46,2.71
68376,Wittenheim,65,2.7,communes de banlieue,2.63,2.42,2.91,2.63,2.86
69259,Vénissieux,83,2.7,communes de banlieue,2.87,2.45,2.72,2.61,2.81
44215,Vertou,93,2.7,communes de banlieue,3.15,2.5,2.61,2.48,2.79
78621,Trappes,56,2.7,communes de banlieue,2.88,2.71,2.25,2.74,2.88
78165,Les Clayes-sous-Bois,86,2.69,communes de banlieue,2.88,2.55,2.19,2.68,3.05
78367,Mareil-Marly,65,2.69,communes de banlieue,2.74,2.48,2.13,2.87,3.1
27299,Gravigny,60,2.69,communes de banlieue,2.77,2.67,2.43,2.56,2.99
77108,Chelles,101,2.69,communes de banlieue,2.86,2.55,2.58,2.52,2.88
78126,La Celle-Saint-Cloud,71,2.68,communes de banlieue,2.97,2.6,2.45,2.62,2.76
63014,Aubière,87,2.68,communes de banlieue,3.11,2.62,2.54,2.46,2.71
76681,Sotteville-lès-Rouen,156,2.68,communes de banlieue,3.06,2.78,2.39,2.51,2.74
87050,Couzeix,52,2.68,communes de banlieue,2.96,2.98,2.42,2.39,2.76
78643,Vernouillet,95,2.68,communes de banlieue,2.75,2.67,2.5,2.61,2.86
91216,Épinay-sur-Orge,62,2.68,communes de banlieue,2.82,3.05,2.49,2.55,2.64
78361,Mantes-la-Jolie,86,2.68,communes de banlieue,2.75,2.75,2.66,2.5,2.8
76447,Montivilliers,78,2.67,communes de banlieue,2.96,2.88,2.39,2.5,2.7
59278,Hallennes-lez-Haubourdin,17,2.67,communes de banlieue,2.51,2.47,2.66,2.74,2.88
76305,Gonfreville-l'Orcher,19,2.67,communes de banlieue,2.93,2.37,2.4,2.75,2.81
69089,Francheville,97,2.67,communes de banlieue,2.97,2.48,2.54,2.52,2.83
31421,Pins-Justaret,26,2.67,communes de banlieue,2.82,2.89,2.42,2.57,2.72
31488,Saint-Jean,84,2.67,communes de banlieue,2.88,2.55,2.62,2.5,2.84
93010,Bondy,93,2.67,communes de banlieue,2.54,2.54,2.73,2.68,2.8
93005,Aulnay-sous-Bois,130,2.66,communes de banlieue,2.76,2.47,2.73,2.5,2.85
06148,Tourrettes-sur-Loup,11,2.66,communes de banlieue,2.78,2.0,2.64,2.77,2.97
31056,Beauzelle,61,2.66,communes de banlieue,2.53,2.35,2.79,2.54,3.01
31417,Pibrac,74,2.66,communes de banlieue,2.78,2.73,2.56,2.46,2.8
45147,Fleury-les-Aubrais,65,2.66,communes de banlieue,3.36,2.25,2.45,2.55,2.67
38111,Claix,73,2.66,communes de banlieue,2.8,2.52,2.55,2.52,2.88
78043,Bailly,69,2.66,communes de banlieue,2.52,2.64,2.23,2.76,3.07
59220,Faches-Thumesnil,141,2.66,communes de banlieue,2.81,3.02,2.33,2.49,2.77
31351,Mondonville,76,2.66,communes de banlieue,2.44,2.78,2.66,2.48,2.91
78172,Conflans-Sainte-Honorine,96,2.66,communes de banlieue,3.14,2.46,2.38,2.51,2.82
92007,Bagneux,153,2.66,communes de banlieue,2.85,2.37,2.51,2.68,2.81
86297,Vouneuil-sous-Biard,19,2.65,communes de banlieue,2.88,2.3,2.45,2.6,2.94
13060,Meyreuil,60,2.65,communes de banlieue,2.64,2.68,2.43,2.58,2.94
06112,Le Rouret,34,2.65,communes de banlieue,2.98,2.43,2.35,2.53,2.89
49353,Trélazé,72,2.65,communes de banlieue,3.06,2.25,2.33,2.66,2.84
13042,Gémenos,58,2.65,communes de banlieue,2.73,2.34,2.65,2.54,2.88
91687,Viry-Châtillon,86,2.64,communes de banlieue,2.41,2.59,2.5,2.75,2.88
31116,Castelginest,59,2.64,communes de banlieue,2.45,2.56,2.67,2.56,2.92
76474,Notre-Dame-de-Bondeville,10,2.64,communes de banlieue,2.66,2.5,2.36,2.88,2.77
83062,La Garde,85,2.64,communes de banlieue,2.74,2.45,2.42,2.63,2.87
92009,Bois-Colombes,125,2.63,communes de banlieue,2.99,2.2,2.24,2.75,2.81
42103,La Grand-Croix,10,2.63,communes de banlieue,2.8,2.62,2.64,2.52,2.65
33550,Villenave-d'Ornon,87,2.63,communes de banlieue,3.31,2.18,2.53,2.45,2.69
91552,Saint-Germain-lès-Arpajon,28,2.63,communes de banlieue,2.41,2.58,2.54,2.72,2.84
71105,Charnay-lès-Mâcon,88,2.62,communes de banlieue,2.88,2.51,2.35,2.5,2.82
59051,La Bassée,11,2.62,communes de banlieue,2.87,2.48,2.64,2.59,2.55
95582,Sannois,66,2.62,communes de banlieue,2.78,2.36,2.4,2.66,2.79
90008,Bavilliers,20,2.62,communes de banlieue,2.76,2.15,3.02,2.32,2.8
31091,Bruguières,114,2.62,communes de banlieue,2.58,2.81,2.73,2.31,2.76
78242,Fontenay-le-Fleury,105,2.62,communes de banlieue,2.45,2.53,2.33,2.7,2.98
76178,Cléon,21,2.62,communes de banlieue,2.4,2.4,2.25,2.81,3.07
92049,Montrouge,546,2.62,communes de banlieue,3.08,2.3,2.24,2.64,2.75
76575,Saint-Étienne-du-Rouvray,80,2.62,communes de banlieue,2.4,2.52,2.4,2.73,2.96
78005,Achères,77,2.62,communes de banlieue,2.64,2.43,2.45,2.62,2.89
93078,Villepinte,53,2.61,communes de banlieue,2.56,2.54,2.41,2.62,2.86
95500,Pontoise,90,2.61,communes de banlieue,2.74,2.55,2.49,2.55,2.74
37122,Joué-lès-Tours,86,2.61,communes de banlieue,2.74,2.11,2.48,2.72,2.84
63164,Gerzat,15,2.61,communes de banlieue,2.36,2.65,2.52,2.52,2.97
69260,Vernaison,17,2.61,communes de banlieue,2.85,2.68,2.53,2.45,2.59
42222,Saint-Galmier,57,2.61,communes de banlieue,2.98,2.59,2.15,2.46,2.89
95252,Franconville,52,2.61,communes de banlieue,2.97,2.31,2.35,2.61,2.73
34090,Le Crès,80,2.6,communes de banlieue,2.58,2.59,2.36,2.57,2.85
27602,Saint-Sébastien-de-Morsent,52,2.6,communes de banlieue,2.65,2.32,2.28,2.62,3.01
01071,Cessy,16,2.6,communes de banlieue,2.7,2.55,2.82,2.33,2.67
59386,Marquette-lez-Lille,69,2.6,communes de banlieue,2.8,2.59,2.51,2.5,2.63
77083,Champs-sur-Marne,103,2.6,communes de banlieue,2.47,2.34,2.38,2.68,2.99
95203,Eaubonne,152,2.6,communes de banlieue,2.34,2.72,2.44,2.61,2.88
95199,Domont,34,2.6,communes de banlieue,2.51,2.35,2.26,2.75,2.96
88209,Golbey,56,2.6,communes de banlieue,3.29,2.19,2.29,2.52,2.68
13039,Fos-sur-Mer,55,2.6,communes de banlieue,2.51,2.6,2.47,2.44,2.98
58303,Varennes-Vauzelles,13,2.59,communes de banlieue,3.35,2.15,2.26,2.27,2.87
93066,Saint-Denis,456,2.59,communes de banlieue,2.78,2.4,2.46,2.58,2.68
54578,Villers-lès-Nancy,65,2.59,communes de banlieue,3.02,2.34,2.42,2.47,2.66
21278,Fontaine-lès-Dijon,57,2.59,communes de banlieue,3.02,2.24,2.36,2.54,2.69
69264,Villefranche-sur-Saône,106,2.58,communes de banlieue,3.1,2.55,2.29,2.35,2.65
91235,Fleury-Mérogis,23,2.58,communes de banlieue,2.23,2.53,2.5,2.64,2.93
93070,Saint-Ouen-sur-Seine,347,2.58,communes de banlieue,2.86,2.8,2.38,2.4,2.56
95051,Beauchamp,85,2.58,communes de banlieue,2.69,2.25,2.15,2.72,2.98
59343,Lesquin,80,2.58,communes de banlieue,2.62,2.74,2.39,2.49,2.72
34169,Montferrier-sur-Lez,91,2.58,communes de banlieue,2.53,2.53,2.4,2.49,2.89
83016,Le Beausset,24,2.58,communes de banlieue,2.92,2.55,2.2,2.56,2.69
06157,Vence,64,2.57,communes de banlieue,3.0,2.37,2.46,2.38,2.65
21166,Chenôve,70,2.57,communes de banlieue,3.21,2.38,2.29,2.5,2.51
14271,Fleury-sur-Orne,14,2.57,communes de banlieue,2.77,2.12,2.44,2.6,2.79
93045,Les Lilas,109,2.57,communes de banlieue,2.58,2.84,2.54,2.36,2.63
91064,Bièvres,71,2.57,communes de banlieue,2.65,2.68,2.56,2.46,2.59
54339,Malzéville,59,2.57,communes de banlieue,2.73,2.3,2.63,2.6,2.56
95210,Enghien-les-Bains,89,2.57,communes de banlieue,2.65,2.43,2.34,2.58,2.8
57487,Moulins-lès-Metz,54,2.57,communes de banlieue,2.84,2.29,2.55,2.5,2.62
92051,Neuilly-sur-Seine,194,2.57,communes de banlieue,2.89,2.31,2.42,2.52,2.67
93063,Romainville,162,2.57,communes de banlieue,2.54,2.58,2.45,2.5,2.79
31150,Cornebarrieu,89,2.57,communes de banlieue,2.75,2.42,2.75,2.31,2.64
94076,Villejuif,137,2.57,communes de banlieue,2.79,2.29,2.64,2.53,2.57
78586,Sartrouville,119,2.57,communes de banlieue,2.95,2.34,2.37,2.45,2.72
93064,Rosny-sous-Bois,131,2.57,communes de banlieue,2.9,2.29,2.58,2.47,2.61
63032,Beaumont,52,2.56,communes de banlieue,2.97,2.4,2.37,2.41,2.66
31230,Gratentour,23,2.56,communes de banlieue,2.45,2.5,2.41,2.63,2.78
91333,Leuville-sur-Orge,56,2.56,communes de banlieue,2.38,2.37,2.29,2.76,2.85
76429,Le Mesnil-Esnard,103,2.56,communes de banlieue,2.88,2.48,2.13,2.54,2.76
78123,Carrières-sous-Poissy,63,2.56,communes de banlieue,2.57,2.78,2.49,2.35,2.68
06123,Saint-Laurent-du-Var,79,2.56,communes de banlieue,2.96,2.33,2.55,2.4,2.58
54274,Jarville-la-Malgrange,56,2.55,communes de banlieue,2.76,2.72,2.59,2.31,2.52
64284,Jurançon,73,2.55,communes de banlieue,2.75,2.05,2.33,2.55,2.9
13026,Châteauneuf-les-Martigues,100,2.55,communes de banlieue,2.29,2.66,2.61,2.34,2.86
12176,Onet-le-Château,18,2.55,communes de banlieue,3.04,2.47,2.18,2.2,2.82
69069,Craponne,67,2.55,communes de banlieue,2.92,2.32,2.3,2.41,2.75
01160,Ferney-Voltaire,91,2.54,communes de banlieue,2.86,2.35,2.53,2.38,2.6
57480,Montigny-lès-Metz,126,2.54,communes de banlieue,2.89,2.31,2.55,2.38,2.57
59599,Tourcoing,94,2.54,communes de banlieue,3.24,2.07,2.54,2.38,2.49
76475,Franqueville-Saint-Pierre,58,2.54,communes de banlieue,2.87,2.39,2.08,2.46,2.87
69063,Collonges-au-Mont-d'Or,51,2.54,communes de banlieue,3.15,2.12,2.15,2.58,2.62
13040,Fuveau,70,2.54,communes de banlieue,2.31,2.51,2.36,2.52,2.91
45286,Saint-Jean-le-Blanc,59,2.54,communes de banlieue,3.27,2.25,2.21,2.43,2.54
86214,Saint-Benoît,24,2.53,communes de banlieue,2.93,2.39,2.28,2.38,2.7
90075,Offemont,31,2.53,communes de banlieue,2.86,1.73,2.28,2.79,2.78
38126,Corenc,54,2.53,communes de banlieue,2.85,2.08,2.18,2.69,2.7
54304,Laxou,59,2.53,communes de banlieue,2.9,2.07,2.5,2.51,2.6
77243,Lagny-sur-Marne,80,2.53,communes de banlieue,3.14,2.23,2.36,2.31,2.62
94022,Choisy-le-Roi,140,2.53,communes de banlieue,2.75,2.23,2.46,2.52,2.58
64269,Idron,20,2.53,communes de banlieue,2.92,2.29,2.32,2.42,2.71
83047,La Crau,53,2.53,communes de banlieue,2.92,2.69,2.42,2.16,2.6
91661,Villebon-sur-Yvette,96,2.53,communes de banlieue,3.13,2.15,2.21,2.52,2.59
91589,Savigny-sur-Orge,115,2.52,communes de banlieue,2.33,2.67,2.43,2.52,2.68
13028,La Ciotat,90,2.52,communes de banlieue,2.99,2.24,2.55,2.21,2.61
63307,Romagnat,53,2.52,communes de banlieue,2.5,2.55,2.0,2.57,2.9
91600,Soisy-sur-Seine,22,2.52,communes de banlieue,2.5,2.56,2.39,2.46,2.68
69091,Givors,68,2.52,communes de banlieue,2.56,2.52,2.64,2.35,2.58
57447,Marly,56,2.52,communes de banlieue,2.59,2.17,2.52,2.52,2.71
42099,Fraisses,11,2.51,communes de banlieue,2.89,2.3,2.36,2.39,2.68
91514,Quincy-sous-Sénart,52,2.51,communes de banlieue,2.47,2.35,2.38,2.62,2.68
94028,Créteil,238,2.51,communes de banlieue,2.85,2.14,2.39,2.48,2.61
13015,Bouc-Bel-Air,101,2.51,communes de banlieue,2.95,2.62,2.3,2.21,2.61
91027,Athis-Mons,74,2.51,communes de banlieue,2.53,2.53,2.46,2.43,2.63
93053,Noisy-le-Sec,104,2.51,communes de banlieue,2.34,2.48,2.49,2.57,2.66
54357,Maxéville,54,2.5,communes de banlieue,2.73,2.26,2.56,2.48,2.48
42305,La Talaudière,58,2.5,communes de banlieue,2.75,2.48,2.46,2.36,2.54
95257,La Frette-sur-Seine,57,2.5,communes de banlieue,2.58,2.12,2.24,2.65,2.77
06018,Biot,71,2.5,communes de banlieue,3.03,2.34,2.32,2.34,2.49
95197,Deuil-la-Barre,100,2.5,communes de banlieue,2.63,2.28,2.06,2.63,2.77
93057,Les Pavillons-sous-Bois,66,2.49,communes de banlieue,2.25,2.21,2.43,2.62,2.79
84092,Le Pontet,20,2.49,communes de banlieue,2.73,2.05,2.16,2.52,2.84
93059,Pierrefitte-sur-Seine,55,2.49,communes de banlieue,2.53,2.39,2.54,2.48,2.48
69199,Saint-Fons,58,2.49,communes de banlieue,2.7,2.41,2.38,2.38,2.61
06044,La Colle-sur-Loup,31,2.49,communes de banlieue,2.77,2.2,2.23,2.5,2.7
64122,Biarritz,201,2.49,communes de banlieue,3.31,2.35,2.38,2.14,2.41
64483,Saint-Jean-de-Luz,91,2.49,communes de banlieue,3.32,2.42,2.48,2.09,2.31
69115,Limas,33,2.49,communes de banlieue,2.9,2.22,2.13,2.44,2.72
33003,Ambarès-et-Lagrave,73,2.49,communes de banlieue,2.64,2.29,2.52,2.34,2.68
06011,Beaulieu-sur-Mer,50,2.48,communes de banlieue,3.1,2.1,1.96,2.54,2.66
25284,Grand-Charmont,15,2.48,communes de banlieue,2.31,2.6,2.56,2.44,2.5
59202,Erquinghem-Lys,62,2.48,communes de banlieue,2.63,2.21,2.25,2.55,2.71
27562,Saint-Marcel,79,2.48,communes de banlieue,2.93,2.21,2.11,2.45,2.64
94077,Villeneuve-le-Roi,81,2.48,communes de banlieue,2.27,2.23,2.39,2.61,2.79
78372,Marly-le-Roi,89,2.48,communes de banlieue,2.77,2.42,2.04,2.46,2.69
92078,Villeneuve-la-Garenne,51,2.48,communes de banlieue,2.36,2.35,2.45,2.46,2.72
97403,Entre-Deux,53,2.48,communes de banlieue,2.48,1.94,2.06,2.64,3.04
95205,Écouen,55,2.48,communes de banlieue,2.56,2.1,2.21,2.55,2.81
95428,Montmorency,56,2.48,communes de banlieue,2.6,2.14,2.06,2.71,2.78
59569,Sin-le-Noble,15,2.48,communes de banlieue,3.13,2.38,2.08,2.21,2.7
13032,Éguilles,55,2.48,communes de banlieue,2.83,2.17,2.15,2.55,2.63
64140,Boucau,51,2.47,communes de banlieue,2.89,2.2,2.38,2.35,2.53
95585,Sarcelles,23,2.47,communes de banlieue,2.37,2.12,2.33,2.6,2.81
76319,Grand-Couronne,26,2.47,communes de banlieue,2.15,2.45,2.24,2.57,2.86
06065,La Gaude,51,2.47,communes de banlieue,2.47,2.31,2.29,2.53,2.69
92004,Asnières-sur-Seine,398,2.47,communes de banlieue,3.1,1.99,2.46,2.29,2.49
95491,Le Plessis-Bouchard,16,2.47,communes de banlieue,2.58,2.02,2.46,2.48,2.72
93074,Vaujours,39,2.46,communes de banlieue,2.54,2.11,2.44,2.51,2.62
31547,Seysses,13,2.46,communes de banlieue,2.94,2.27,2.51,2.04,2.63
34057,Castelnau-le-Lez,326,2.46,communes de banlieue,2.84,2.27,2.31,2.33,2.57
93039,L'Île-Saint-Denis,74,2.46,communes de banlieue,2.4,2.6,2.29,2.41,2.6
84141,Vedène,63,2.46,communes de banlieue,2.46,2.4,2.37,2.29,2.74
59648,Wattignies,77,2.46,communes de banlieue,2.31,2.37,2.26,2.55,2.73
38537,La Verpillière,22,2.46,communes de banlieue,2.76,2.14,2.38,2.3,2.69
78672,Villennes-sur-Seine,76,2.45,communes de banlieue,2.43,2.27,2.21,2.45,2.85
45298,Saint-Pryvé-Saint-Mesmin,54,2.45,communes de banlieue,2.81,2.12,2.28,2.39,2.6
37233,Saint-Pierre-des-Corps,80,2.45,communes de banlieue,2.74,2.04,2.15,2.46,2.76
94017,Champigny-sur-Marne,157,2.45,communes de banlieue,2.79,2.13,2.45,2.33,2.54
93051,Noisy-le-Grand,177,2.44,communes de banlieue,2.57,2.27,2.26,2.44,2.61
94081,Vitry-sur-Seine,168,2.44,communes de banlieue,2.69,2.24,2.32,2.47,2.47
34213,Poussan,26,2.44,communes de banlieue,2.44,2.15,2.57,2.34,2.69
78498,Poissy,118,2.44,communes de banlieue,3.09,2.17,2.26,2.25,2.45
31458,Roques,55,2.43,communes de banlieue,2.62,2.34,2.4,2.15,2.66
83090,Ollioules,64,2.43,communes de banlieue,2.87,2.27,2.25,2.23,2.55
42207,Saint-Chamond,75,2.43,communes de banlieue,2.99,2.51,2.12,2.18,2.45
97408,La Possession,120,2.43,communes de banlieue,2.15,2.48,2.26,2.46,2.76
06108,La Roquette-sur-Siagne,54,2.43,communes de banlieue,2.7,2.18,2.36,2.46,2.44
97418,Sainte-Marie,55,2.43,communes de banlieue,2.31,2.09,2.43,2.48,2.69
92019,Châtenay-Malabry,189,2.43,communes de banlieue,2.9,2.11,2.0,2.46,2.62
62215,Carvin,11,2.43,communes de banlieue,2.33,2.55,2.47,2.24,2.61
60684,Villers-Saint-Paul,28,2.42,communes de banlieue,2.23,2.27,2.04,2.62,2.88
95219,Ermont,99,2.42,communes de banlieue,2.51,2.17,2.03,2.54,2.7
34270,Saint-Jean-de-Védas,140,2.42,communes de banlieue,2.84,2.3,2.09,2.2,2.69
06004,Antibes,444,2.42,communes de banlieue,3.16,2.25,2.25,2.16,2.34
91215,Épinay-sous-Sénart,11,2.42,communes de banlieue,2.05,2.55,2.05,2.79,2.62
94073,Thiais,66,2.42,communes de banlieue,2.49,2.25,2.04,2.57,2.64
31490,Saint-Jory,17,2.42,communes de banlieue,2.53,2.21,2.44,2.24,2.66
62244,Coulogne,20,2.42,communes de banlieue,2.73,1.86,2.17,2.56,2.65
69142,La Mulatière,60,2.42,communes de banlieue,2.94,2.2,2.45,2.22,2.34
69092,Gleizé,18,2.41,communes de banlieue,2.91,2.38,1.9,2.25,2.63
78335,Limay,50,2.41,communes de banlieue,2.34,2.28,2.32,2.43,2.69
80674,Rivery,56,2.41,communes de banlieue,2.75,2.41,2.05,2.37,2.49
13113,Venelles,60,2.41,communes de banlieue,2.79,2.36,1.93,2.23,2.72
06069,Grasse,82,2.41,communes de banlieue,3.31,2.35,1.93,2.1,2.47
68256,Pfastatt,54,2.41,communes de banlieue,2.69,1.94,2.44,2.39,2.49
45285,Saint-Jean-de-la-Ruelle,46,2.4,communes de banlieue,2.76,2.22,2.3,2.32,2.41
94034,Fresnes,80,2.4,communes de banlieue,2.53,2.19,2.02,2.57,2.59
84119,Saint-Saturnin-lès-Avignon,14,2.4,communes de banlieue,2.64,2.39,2.31,2.26,2.44
91174,Corbeil-Essonnes,79,2.39,communes de banlieue,2.59,2.36,2.29,2.26,2.51
13112,Velaux,81,2.39,communes de banlieue,2.44,2.26,1.92,2.47,2.75
76103,Bonsecours,70,2.39,communes de banlieue,2.82,1.91,1.96,2.46,2.67
95288,Groslay,83,2.39,communes de banlieue,2.59,2.1,1.95,2.56,2.66
18205,Saint-Doulchard,22,2.39,communes de banlieue,2.76,1.97,2.07,2.3,2.74
13117,Vitrolles,59,2.38,communes de banlieue,2.66,2.46,2.11,2.21,2.53
62774,Sangatte,54,2.38,communes de banlieue,3.05,2.06,2.07,2.2,2.52
94054,Orly,14,2.38,communes de banlieue,2.07,2.59,1.89,2.61,2.7
13110,Trets,66,2.38,communes de banlieue,2.33,2.12,2.28,2.35,2.72
78362,Mantes-la-Ville,54,2.38,communes de banlieue,2.44,2.13,2.32,2.34,2.63
93062,Le Raincy,61,2.37,communes de banlieue,2.3,2.13,2.04,2.6,2.66
13014,Berre-l'Étang,10,2.37,communes de banlieue,2.38,2.33,2.22,2.28,2.65
91345,Longjumeau,56,2.37,communes de banlieue,2.69,2.25,2.12,2.32,2.5
92012,Boulogne-Billancourt,704,2.37,communes de banlieue,3.01,1.86,2.42,2.13,2.41
01354,Saint-Genis-Pouilly,72,2.37,communes de banlieue,2.47,2.31,2.23,2.28,2.56
16374,Soyaux,57,2.36,communes de banlieue,2.85,2.08,2.15,2.18,2.54
34095,Fabrègues,82,2.36,communes de banlieue,2.62,2.07,2.1,2.21,2.76
80164,Camon,71,2.36,communes de banlieue,2.8,2.01,2.1,2.33,2.49
78638,Vaux-sur-Seine,75,2.36,communes de banlieue,2.86,2.2,1.91,2.26,2.59
91587,Saulx-les-Chartreux,60,2.36,communes de banlieue,2.4,2.03,2.24,2.38,2.64
25547,Sochaux,29,2.36,communes de banlieue,2.33,2.22,2.48,2.25,2.56
65047,Aureilhan,56,2.36,communes de banlieue,2.65,2.17,1.95,2.28,2.68
13107,Simiane-Collongue,64,2.35,communes de banlieue,3.0,1.94,2.1,2.22,2.52
18050,La Chapelle-Saint-Ursin,22,2.35,communes de banlieue,2.44,2.01,2.05,2.38,2.76
78644,La Verrière,24,2.35,communes de banlieue,2.71,2.2,1.88,2.38,2.56
78138,Chanteloup-les-Vignes,52,2.35,communes de banlieue,2.12,2.05,2.09,2.59,2.74
77288,Melun,118,2.35,communes de banlieue,2.84,2.25,2.38,2.08,2.27
45302,Saran,54,2.35,communes de banlieue,2.81,2.22,2.11,2.21,2.44
78314,Issou,13,2.34,communes de banlieue,2.03,2.44,2.29,2.41,2.53
91665,La Ville-du-Bois,62,2.34,communes de banlieue,2.29,2.15,2.21,2.45,2.53
13007,Auriol,52,2.34,communes de banlieue,2.64,2.16,2.06,2.2,2.6
13005,Aubagne,111,2.34,communes de banlieue,3.12,2.13,1.95,2.14,2.39
83112,Saint-Cyr-sur-Mer,51,2.34,communes de banlieue,2.72,2.33,2.29,1.99,2.44
95018,Argenteuil,237,2.33,communes de banlieue,2.65,2.21,2.39,2.15,2.32
83153,Saint-Mandrier-sur-Mer,82,2.33,communes de banlieue,2.39,2.32,2.16,2.34,2.5
59317,Houplines,60,2.33,communes de banlieue,2.42,2.4,2.29,2.22,2.39
65417,Séméac,23,2.32,communes de banlieue,2.57,2.21,2.26,2.07,2.51
78624,Triel-sur-Seine,77,2.32,communes de banlieue,2.64,2.23,1.9,2.34,2.48
94043,Le Kremlin-Bicêtre,110,2.32,communes de banlieue,2.75,2.02,2.15,2.34,2.32
13036,Eyragues,27,2.32,communes de banlieue,2.44,1.97,2.08,2.25,2.73
06105,Roquefort-les-Pins,82,2.32,communes de banlieue,3.28,2.14,1.98,1.97,2.37
93027,La Courneuve,73,2.31,communes de banlieue,2.19,2.22,2.2,2.41,2.49
57751,Woippy,52,2.3,communes de banlieue,2.68,2.12,2.08,2.22,2.36
93050,Neuilly-sur-Marne,70,2.29,communes de banlieue,2.32,2.47,2.17,2.17,2.37
69194,Saint-Didier-au-Mont-d'Or,144,2.29,communes de banlieue,2.62,2.32,1.9,2.19,2.47
95280,Goussainville,57,2.28,communes de banlieue,2.24,2.43,2.0,2.27,2.47
76599,Saint-Léger-du-Bourg-Denis,16,2.28,communes de banlieue,2.44,1.94,2.0,2.42,2.53
95574,Saint-Prix,80,2.27,communes de banlieue,2.31,2.12,2.05,2.33,2.49
93006,Bagnolet,221,2.27,communes de banlieue,2.55,1.97,2.0,2.33,2.43
38087,Chasse-sur-Rhône,64,2.27,communes de banlieue,2.49,2.55,2.09,2.05,2.3
91570,Saint-Michel-sur-Orge,69,2.27,communes de banlieue,2.54,2.08,1.81,2.31,2.55
91434,Morsang-sur-Orge,17,2.26,communes de banlieue,2.25,1.96,1.93,2.5,2.56
78545,Saint-Cyr-l'École,193,2.26,communes de banlieue,2.38,2.19,2.15,2.26,2.36
45075,La Chapelle-Saint-Mesmin,52,2.26,communes de banlieue,2.45,2.04,2.11,2.24,2.38
06155,Vallauris,61,2.26,communes de banlieue,2.53,2.09,2.15,2.13,2.4
63070,Ceyrat,22,2.26,communes de banlieue,2.34,2.15,1.87,2.3,2.54
83126,La Seyne-sur-Mer,132,2.26,communes de banlieue,2.57,2.08,2.23,2.09,2.36
93013,Le Bourget,11,2.26,communes de banlieue,2.27,2.61,2.36,2.12,2.03
13075,Plan-de-Cuques,10,2.25,communes de banlieue,2.4,1.92,2.16,2.22,2.5
34327,Vendargues,88,2.25,communes de banlieue,2.62,2.42,1.87,2.0,2.46
38200,Jarrie,78,2.25,communes de banlieue,2.51,2.27,2.09,2.04,2.43
21390,Marsannay-la-Côte,55,2.25,communes de banlieue,2.45,2.01,1.99,2.18,2.49
18213,Saint-Germain-du-Puy,11,2.25,communes de banlieue,2.82,2.09,1.78,2.11,2.44
83118,Saint-Raphaël,79,2.24,communes de banlieue,3.08,2.09,1.98,2.0,2.18
06030,Le Cannet,66,2.24,communes de banlieue,2.96,2.1,1.87,2.03,2.3
95555,Saint-Gratien,71,2.24,communes de banlieue,2.31,1.86,2.01,2.38,2.49
78466,Orgeval,65,2.24,communes de banlieue,2.63,2.03,1.86,2.18,2.49
13081,Rognac,67,2.23,communes de banlieue,2.48,1.94,1.79,2.29,2.58
93008,Bobigny,83,2.23,communes de banlieue,2.06,2.09,2.22,2.35,2.41
84081,Morières-lès-Avignon,74,2.22,communes de banlieue,2.38,2.02,1.97,2.16,2.51
97401,Les Avirons,50,2.22,communes de banlieue,2.49,1.78,1.76,2.38,2.53
59566,Sequedin,95,2.22,communes de banlieue,2.34,2.61,2.28,1.95,2.12
42223,Saint-Genest-Lerpt,10,2.22,communes de banlieue,2.78,1.8,2.26,2.12,2.23
94019,Chennevières-sur-Marne,59,2.2,communes de banlieue,2.59,1.99,1.99,2.12,2.3
44052,Donges,25,2.2,communes de banlieue,2.32,1.63,2.11,2.27,2.52
74133,Gaillard,20,2.19,communes de banlieue,2.62,2.15,1.88,2.07,2.3
95229,Ézanville,58,2.19,communes de banlieue,2.39,1.99,1.81,2.2,2.49
59457,Pérenchies,75,2.18,communes de banlieue,2.41,1.95,2.1,2.08,2.34
91425,Montlhéry,35,2.18,communes de banlieue,2.55,2.0,1.83,2.11,2.39
13041,Gardanne,75,2.18,communes de banlieue,2.42,2.01,1.81,2.13,2.5
57412,Longeville-lès-Metz,56,2.18,communes de banlieue,2.72,1.98,2.1,2.06,2.14
95539,Saint-Brice-sous-Forêt,13,2.17,communes de banlieue,2.37,1.83,1.89,2.22,2.47
31032,Aussonne,90,2.17,communes de banlieue,2.2,2.11,2.27,1.99,2.34
91326,Juvisy-sur-Orge,74,2.17,communes de banlieue,2.52,1.9,1.96,2.17,2.27
77464,Thorigny-sur-Marne,62,2.17,communes de banlieue,2.55,1.85,1.9,2.17,2.35
91207,Égly,13,2.16,communes de banlieue,2.94,1.79,1.74,2.06,2.29
91339,Linas,64,2.16,communes de banlieue,2.13,1.98,2.01,2.25,2.4
13114,Ventabren,54,2.15,communes de banlieue,2.47,1.88,1.77,2.1,2.47
91657,Vigneux-sur-Seine,76,2.15,communes de banlieue,2.46,1.97,1.89,2.07,2.37
94055,Ormesson-sur-Marne,68,2.15,communes de banlieue,2.39,2.04,1.82,2.11,2.41
83144,La Valette-du-Var,28,2.15,communes de banlieue,2.61,2.1,2.01,1.9,2.21
69116,Limonest,11,2.15,communes de banlieue,2.29,2.0,1.93,2.2,2.23
93072,Stains,61,2.15,communes de banlieue,2.36,2.1,2.04,2.1,2.17
83009,Bandol,85,2.13,communes de banlieue,2.81,1.89,1.8,1.99,2.19
42095,Firminy,69,2.13,communes de banlieue,2.65,2.01,1.8,1.99,2.22
13086,Roquevaire,72,2.13,communes de banlieue,2.29,1.97,1.89,2.1,2.38
93032,Gagny,67,2.13,communes de banlieue,2.16,1.96,1.83,2.3,2.34
76212,Darnétal,40,2.12,communes de banlieue,2.48,1.75,1.84,2.22,2.24
93029,Drancy,55,2.11,communes de banlieue,2.03,1.98,2.03,2.1,2.36
93049,Neuilly-Plaisance,87,2.11,communes de banlieue,2.69,1.68,1.69,2.12,2.29
34113,Gigean,11,2.11,communes de banlieue,2.09,2.34,2.11,1.73,2.41
94078,Villeneuve-Saint-Georges,36,2.11,communes de banlieue,1.91,2.03,2.24,2.07,2.32
93001,Aubervilliers,358,2.11,communes de banlieue,2.42,1.89,2.05,2.05,2.12
93007,Le Blanc-Mesnil,22,2.1,communes de banlieue,1.97,1.74,1.99,2.23,2.43
13106,Septèmes-les-Vallons,31,2.1,communes de banlieue,2.41,1.9,1.7,2.16,2.3
76116,Boos,36,2.1,communes de banlieue,2.26,1.91,1.77,2.17,2.34
94038,L'Haÿ-les-Roses,98,2.09,communes de banlieue,2.26,1.68,1.81,2.22,2.37
16154,Gond-Pontouvre,13,2.09,communes de banlieue,3.03,1.62,1.91,1.88,2.09
59544,Saint-Saulve,12,2.09,communes de banlieue,2.27,1.94,1.93,2.0,2.29
42071,Le Coteau,18,2.09,communes de banlieue,2.83,1.89,1.61,1.88,2.26
97229,Schœlcher,63,2.08,communes de banlieue,1.95,2.02,1.81,2.12,2.46
93077,Villemomble,78,2.07,communes de banlieue,2.26,1.99,1.77,2.07,2.27
13021,Carry-le-Rouet,55,2.07,communes de banlieue,2.17,1.74,1.92,2.2,2.23
83086,Le Muy,65,2.06,communes de banlieue,2.14,1.85,2.02,2.01,2.28
97230,La Trinité,14,2.06,communes de banlieue,2.43,1.5,1.64,2.02,2.54
13047,Istres,79,2.05,communes de banlieue,2.5,1.97,1.76,1.84,2.23
42330,Villars,67,2.05,communes de banlieue,2.56,1.9,1.69,1.95,2.16
06095,Peymeinade,41,2.04,communes de banlieue,2.34,1.77,1.87,1.99,2.22
94079,Villiers-sur-Marne,82,2.04,communes de banlieue,2.3,1.77,1.85,2.07,2.17
76366,Le Houlme,55,2.03,communes de banlieue,2.09,1.86,1.83,2.14,2.25
76552,Sainte-Adresse,72,2.03,communes de banlieue,2.64,1.83,1.72,1.93,2.07
76216,Déville-lès-Rouen,57,2.02,communes de banlieue,2.86,1.54,1.56,1.92,2.22
06159,Villefranche-sur-Mer,21,2.02,communes de banlieue,2.42,1.81,1.7,2.01,2.16
13071,Les Pennes-Mirabeau,58,2.02,communes de banlieue,2.35,1.86,1.79,1.82,2.3
78401,Meulan-en-Yvelines,64,2.01,communes de banlieue,2.17,1.78,1.86,2.03,2.21
54482,Saint-Max,57,2.01,communes de banlieue,2.53,1.69,1.89,1.92,2.04
13070,La Penne-sur-Huveaune,12,2.0,communes de banlieue,2.47,1.6,1.45,1.88,2.47
71090,La Chapelle-de-Guinchay,11,2.0,communes de banlieue,2.35,1.5,1.35,2.05,2.61
63075,Chamalières,72,1.99,communes de banlieue,2.81,1.6,1.79,1.81,1.99
97309,Remire-Montjoly,64,1.99,communes de banlieue,1.98,1.7,1.72,2.11,2.33
77143,Crégy-lès-Meaux,11,1.95,communes de banlieue,2.02,1.73,1.67,2.14,2.09
42186,Rive-de-Gier,10,1.95,communes de banlieue,2.22,2.02,1.38,1.98,2.13
59014,Anzin,12,1.94,communes de banlieue,2.02,1.46,2.0,2.01,2.12
13016,La Bouilladisse,11,1.94,communes de banlieue,2.11,1.84,1.96,1.82,2.03
91201,Draveil,113,1.94,communes de banlieue,2.31,1.56,1.64,1.93,2.19
95598,Soisy-sous-Montmorency,77,1.9,communes de banlieue,2.2,1.58,1.63,1.94,2.08
42189,Roche-la-Molière,10,1.87,communes de banlieue,1.98,1.48,1.44,1.95,2.35
83123,Sanary-sur-Mer,86,1.86,communes de banlieue,2.65,1.55,1.44,1.74,1.94
25539,Seloncourt,20,1.86,communes de banlieue,1.94,1.5,1.73,1.87,2.16
97405,Petite-Île,10,1.86,communes de banlieue,1.88,1.72,1.72,1.78,2.17
83099,Puget-sur-Argens,62,1.8,communes de banlieue,2.18,1.64,1.54,1.6,2.05
97224,Saint-Joseph,11,1.77,communes de banlieue,1.85,1.27,1.62,1.91,2.11
91044,Ballainvilliers,60,1.72,communes de banlieue,1.72,1.51,1.51,1.65,2.12
63308,Royat,11,1.71,communes de banlieue,2.09,1.32,1.24,1.83,2.0
06104,Roquebrune-Cap-Martin,41,1.68,communes de banlieue,2.27,1.37,1.2,1.66,1.88
97307,Matoury,12,1.64,communes de banlieue,1.67,1.69,1.23,1.72,1.88
